,PCA 1,PCA 2,PCA 3,Grupo
0,-0.03977800763735481,-0.01618523752015279,0.05164740691132478,350
1,-0.07455533140866821,0.31265105717618547,-0.13842233563993306,285
2,-0.08001155702540398,0.011318450814998328,-0.13805616397130435,302
3,0.048351864369162695,0.03499202901159181,0.09271694712457872,555
4,0.0420251378289146,-0.018880823234051616,0.06622134673012885,289
5,-0.046156481587595374,-0.16582124581761407,-0.04514361111910605,33
6,-0.09331563533822304,-0.17532969813449759,-0.20360243346870147,306
7,-0.08252456169096212,-0.011322633225185915,-0.09380563846907758,90
8,-0.06649368708800146,0.3200577977069666,-0.17173973730529843,426
9,-0.024631742648647755,0.03888380203226338,0.09221168740469757,100
10,-0.01859524045606388,0.005576745516073693,0.038222066819240244,105
11,-0.047091092778978966,-0.013723419734677562,-0.03756402227565763,81
12,-0.08561145122801772,-0.01206341765904258,-0.10101828121071132,90
13,0.061591855832316786,0.08654442790225127,0.23375910513619796,327
14,0.00013060458186807508,0.031202436417767748,-0.054226082049734475,75
15,0.01980168235556531,-0.15598929774802933,0.051540178002460885,472
16,0.027708713910804386,-0.0990464132718318,-0.044302813433125046,165
17,-0.04037670880673556,-0.12880950179585907,-0.024668337340421433,281
18,-0.10459814816733286,0.07755248894666639,-0.3058256140008366,6
19,-0.10526332276364778,0.07776713404038939,-0.3065086150917918,6
20,-0.10526332276364778,0.07776713404038939,-0.3065086150917918,6
21,-0.10526332276364778,0.07776713404038939,-0.3065086150917918,6
22,-0.10526332276364778,0.07776713404038939,-0.3065086150917918,6
23,-0.10470828996636362,0.07761814734884542,-0.3059446857915115,6
24,-0.10526332276364778,0.07776713404038939,-0.3065086150917918,6
25,-0.10526332276364778,0.07776713404038939,-0.3065086150917918,6
26,-0.10526332276364778,0.07776713404038939,-0.3065086150917918,6
27,-0.10526332276364778,0.07776713404038939,-0.3065086150917918,6
28,-0.10526332276364778,0.07776713404038939,-0.3065086150917918,6
29,-0.10470828996636362,0.07761814734884542,-0.3059446857915115,6
30,-0.10526332276364778,0.07776713404038939,-0.3065086150917918,6
31,-0.10526332276364778,0.07776713404038939,-0.3065086150917918,6
32,-0.10526332276364778,0.07776713404038939,-0.3065086150917918,6
33,-0.10526332276364778,0.07776713404038939,-0.3065086150917918,6
34,-0.10526332276364778,0.07776713404038939,-0.3065086150917918,6
35,-0.10470828996636362,0.07761814734884542,-0.3059446857915115,6
36,-0.02328655912499786,-0.1442972772856526,0.02287198227366929,268
37,-0.022301069921883264,-0.15422360894196738,-0.00983750121650738,296
38,0.12721267965972394,-0.028861612378167534,0.07671867332001632,476
39,-0.007699985062968289,-0.17776053522050303,-0.022755810372001715,218
40,0.01037072211062287,0.2414988787549523,0.05347449312805369,212
41,-0.04564345393406587,-0.1358888543924136,-0.0011022957155398267,11
42,0.014410130172117926,-0.03430922979089754,0.12014303155096476,174
43,-0.04633739437567266,0.24345363687994886,-0.10499501186791964,241
44,-0.046331844616605514,-0.018907414770739966,-0.06808197842191709,428
45,-0.02495512539138188,-0.11522988407344234,0.018660839042970365,160
46,-0.03494717176513595,-0.15653321876770754,0.04673510731787763,406
47,-0.10228075866629012,0.2546590213233517,-0.13101021086272552,275
48,-0.06271777434126558,-0.07872394165677027,-0.05972632263072737,331
49,-0.05960628838245732,-0.05769043595328548,0.08549982775905185,166
50,-0.061903477517684394,-0.1686097369434702,-0.016914042635712372,267
51,-0.04034728189858104,0.21823218724531157,-0.07677643283582826,156
52,-0.049474080770661094,0.23348942079756707,-0.08794052223763438,403
53,-0.03777834846497222,-0.1339256951171477,-0.061308045387145876,604
54,-0.058168656779049796,-0.15755199319698837,0.079343897671342,311
55,-0.006228750982909247,-0.17318150120183423,0.08163952882729943,309
56,-0.06923426966522082,-0.11502048615081636,-0.06274131977887808,573
57,0.02612277146195872,0.11192615846738592,0.21452703794102307,347
58,-0.057084433359602796,-0.1389516406076675,-0.021974382711769005,495
59,0.08272055275860601,0.04002387263389059,0.1489294851209382,240
60,0.10587385332360917,-0.0579751447629391,0.12550650549854622,71
61,-0.02487914524862968,0.32523319393074995,-0.0980410866246903,199
62,0.5710712636163352,-0.04813383919773081,-0.21443405093903978,74
63,0.070515690565649,0.12933638920602605,0.2561790278318645,300
64,0.08020474855486083,0.09189687359543303,0.23299900663562464,587
65,-0.012472075903595831,-0.0828179590671337,0.08219741422333171,636
66,-0.08527687780053024,-0.11297689430060072,-0.025491906300297566,526
67,-0.07333569965835099,-0.07054851121583626,0.03319329762727746,292
68,-0.031068255430570263,-0.12397418477797048,-0.011306936405541982,530
69,-0.02792466740797167,-0.0649649096688336,-0.06412119565261547,110
70,-0.044956688169911926,-0.171610424791244,-0.12439557196438147,622
71,-0.036006377051619465,-0.14673326812494655,-0.12387917025698673,64
72,-0.08933786071366245,0.11259319155185829,-0.15013647373669206,303
73,-0.008964667633956596,-0.0054398651554730905,0.12089489468178401,567
74,-0.011705131448791033,-0.09069994696827466,0.08422292770970294,116
75,-0.0529101064184215,0.010858950039987941,0.08462091397215837,60
76,-0.01344908354658451,-0.16453716273516336,0.02804621253807529,457
77,-0.03207803712292119,0.17410197660408824,-0.002244481775106648,349
78,-0.005303670364899312,-0.11237036584463975,0.12413030340624738,533
79,-0.01261122559879737,-0.0009449679901997896,0.012284498078641085,255
80,-0.06635738112680466,0.20328789814797935,-0.07412904909057583,149
81,-0.056041512586816535,0.223548362643559,-0.036596695867516134,70
82,0.038304871845586355,0.08459410406123416,0.25154311698290865,123
83,-0.021793455393676543,-0.1441084876339591,0.062485227492085085,528
84,0.07754236253764164,0.05714049888592655,0.20249882061969968,180
85,-0.037652896686159405,0.05145585603324914,-0.01258002738247449,517
86,-0.0432468415386597,-0.13047502641875006,0.043139215949084916,579
87,0.22027922807472117,-0.1044195165266971,0.275012503627874,51
88,0.07008044230117456,0.10760344980107804,0.13067336172191923,181
89,0.02245701764008921,0.058028029445255584,0.05857055492854252,287
90,0.011706937824968625,0.04649420907116825,0.014244136515473673,36
91,-0.037202849525887205,-0.0969363517059481,0.0007969917112679787,363
92,-0.014691425966764312,0.1453183806544167,0.04851051010862266,467
93,0.07902379441058638,0.06239294639987566,0.20579609797697918,180
94,-0.05717921245279597,-0.18587490721062375,-0.042845003957598805,291
95,-0.043324260275303846,-0.131829413640418,0.017888285348263148,137
96,0.8967959484578495,-0.08532921516683184,-0.23989751894946376,65
97,-0.048484734303725276,0.034497892974004324,0.01828167538176492,135
98,0.9320301777109983,-0.0848302277906852,-0.2260081103494854,518
99,-0.03731053999226385,0.28703411282192814,0.00033204286249502435,89
100,-0.03250629493530176,0.14736093450129018,-0.015406726265163583,646
101,-0.08208159937159692,0.11747992632671225,-0.13619746255759405,511
102,-0.04290180374348725,-0.16856448031536952,-0.11480938462870194,215
103,-0.04237697446270542,-0.1682943890855604,-0.11492689003198453,215
104,0.008843929656709087,0.030068172385247408,0.17258521992628414,420
105,0.044293601677907773,0.12752996048130064,0.25746848525525823,374
106,0.04663209606182729,0.13146729818473024,0.2702306678510019,114
107,-0.029555214569308284,-0.08847422249057367,-0.041861124033420176,519
108,-0.03880103317417659,-0.07191600665312663,0.008060160377645823,631
109,0.03205909479257695,0.1257197753626278,0.22933722886753405,69
110,-0.050386314161239454,-0.07256710532713498,-0.04602892685516836,552
111,-0.05754316437943157,0.29951840924419454,-0.05565799816062505,614
112,-0.01271391121176694,-0.03484445550263451,0.08417756860929929,237
113,-0.06275768919889146,0.29317551290546895,-0.03556532860085854,454
114,-0.0337102723983025,0.045618369848693434,0.055734254990956675,226
115,-0.03506047669140434,-0.07764830607759904,0.16427429477674407,198
116,-0.006783812585510511,-0.1485482385629343,0.11367567955511186,559
117,-0.013196604720111102,-0.12842274418938798,0.053632637364259474,408
118,-0.04948859133402278,0.203060033319225,-0.1001178337495609,58
119,-0.062291152966768445,0.23162767528009806,-0.14919857744196258,402
120,-0.0609061280053082,0.24158272702677458,-0.060346055229601334,208
121,0.03952230528990034,-0.09718620026249336,0.06959859657786702,333
122,-0.030601784568346904,-0.0364675235209316,0.021187792628419334,417
123,-0.013882432167418246,0.27212754093688,-0.05002192316537686,122
124,0.6547870473269537,-0.006329072540746069,-0.14088736519025974,491
125,-0.04403028508386652,-0.137642219612732,-0.08107074227268363,373
126,-0.05229111148824763,-0.1276280406672489,-0.07244215449443404,490
127,-0.04353622128353264,-0.1685315050360362,-0.011879653841189606,605
128,-0.031127765610156354,-0.008599209372314493,0.02161529447982578,507
129,0.057730280485458,0.13182211700289392,0.22202074584519368,415
130,0.006613481766662373,0.012095797877410528,0.0711121066106292,295
131,-0.09471309288938363,-0.19094999484700861,-0.08851332646772707,484
132,-0.04835391873131225,-0.17333009488401702,-0.045274939030555385,33
133,-0.04785372739835478,0.2488004446126094,-0.008908395842349098,231
134,-0.03795024318528405,-0.06763080594983467,-0.12583391135995256,550
135,0.0043861059738707344,-0.0061981766201167215,0.1052348174279617,435
136,-0.08490118882078491,-0.21553167114017308,-0.10071701273185657,361
137,0.0033869534082736907,-0.1277805980906515,0.0587643035144459,67
138,0.03277866042244285,0.00031826875064162516,0.12015553806988968,21
139,-0.04081359031839726,-0.11069538821791902,0.05501717902217663,543
140,-0.07201135312334768,-0.15589048106932066,-0.11315997803070545,524
141,-0.003869149483751585,-0.1032790794092691,0.07516502560354935,436
142,-0.06691107338084261,0.07793525233123424,-0.14298079436043892,138
143,-0.07436234786660005,-0.1280522100930252,-0.0749760095807155,531
144,-0.05601051058348617,-0.11793611500340621,-0.00725914754451041,564
145,-0.007473116020592797,0.027925282797209825,0.061907757326796514,418
146,0.009689022672287478,0.08949817549350751,0.2023671335152364,125
147,-0.021948238915782563,-0.13956945292114595,-0.03809491700226914,143
148,-0.07117773519053579,0.09146941466079123,-0.02330348326683343,439
149,0.016033590693766323,-0.044293836272876974,0.025300761981213588,88
150,-0.043638475396865474,0.21625083822327398,-0.07272370130416154,156
151,-0.09326325258486765,0.1867064482257997,-0.22777834785777198,16
152,-0.0925834726766914,0.1864815367803784,-0.2271229334489495,16
153,-0.09196391179152057,0.18632167067708855,-0.22703203161580854,16
154,-0.09196391179152057,0.18632167067708855,-0.22703203161580854,16
155,-0.0036523758581872515,-0.049382297195199154,0.06768671618229327,407
156,-0.01793469065662802,-0.13542291889847652,0.07802030994751488,97
157,-0.06663716051764255,-0.07064277195860386,-0.12255109655971504,465
158,-0.01328095943803441,0.14066587611765907,0.03296261892183091,34
159,-0.051463230625894564,-0.11070346197198157,-0.05142810200101373,623
160,-0.04642799826824893,-0.10678485911142792,0.06535457279112922,318
161,0.634660252589212,0.02247116480998181,-0.1450333480365096,162
162,0.010919079953882147,-0.026820261228654982,0.16781569422564507,647
163,0.020850342360381042,-0.043496508956446925,0.19978056306174888,366
164,-0.03487344338326522,-0.15737693599632072,-0.024574583543592002,158
165,0.03144774054138304,-0.021640451501788352,0.10659576967165446,80
166,0.010368612232670688,-0.13171283086975502,0.02486855871195795,405
167,-0.048075081532208276,-0.07481643340112772,0.02622467470803331,79
168,-0.06803456140964546,-0.12772252701753847,-0.12318712864755865,378
169,0.03050479069877427,-0.17121780426223024,-0.07733224931219784,108
170,-0.04812553223817054,-0.07491928726303106,0.02645031128963548,79
171,-0.011464594822652467,0.1632502890842024,-0.01072422236756081,514
172,-0.010811847655140506,0.16653317604567677,0.002948300106959005,124
173,0.00602928360920621,-0.16420030637540442,0.056424037838733745,175
174,-0.075492316711183,0.26652920466747443,-0.12143811019683291,5
175,-0.04646840857835152,-0.18974956146323424,-0.1671996461705923,227
176,0.0270139094124351,-0.06401286294457406,0.21529123084204507,187
177,-0.026399734994524218,-0.1157265084319962,0.025611637719508064,160
178,-0.07009971424960337,-0.018461948132090695,-0.048883708697263335,432
179,-0.05313502410387733,0.30022624950148724,-0.04574402827483185,24
180,-0.008901588046051182,-0.13095436236750083,0.033176453732898986,288
181,-0.0874665354220993,0.17045634241590424,-0.16936888699897176,607
182,-0.08998371706495087,0.16773508629781494,-0.17879256912986616,151
183,-0.05767358266358362,0.23109957031418993,-0.05882728531391124,592
184,0.07654863969789288,0.03856919642223757,0.13404983969480974,447
185,0.005898951208202108,-0.12808743768359446,0.06817811797900089,568
186,-0.0006805886393849078,-0.014692983110176595,0.08980090298766172,32
187,-0.02019939802927698,-0.08350401568770566,-0.0693917355621028,211
188,-0.04878890770079348,0.02735549929033958,0.11088765690176916,269
189,0.03485997718666695,-0.06868073691552107,0.015342132448201254,381
190,-0.05234259648478148,-0.04144758115193942,-0.10056049133846803,463
191,-0.044253569763098057,-0.04677821716316896,-0.1368587287329044,346
192,-0.03616771093425373,-0.04817451115895384,0.0037662310347683966,480
193,0.0028800084130868654,0.08194920601002129,0.07808310952194399,136
194,-0.04740362662974908,-0.026218898685112506,-0.05045621976351614,324
195,-0.02109157953221397,0.3270460129559285,-0.09149111900686382,199
196,-0.031048720743052514,-0.14469234059194813,-0.10824802221007425,452
197,0.01113365875850876,0.046496493264385624,0.09427853750592735,401
198,-0.03312602284254,-0.14939788085884634,-0.0026848638624027313,540
199,-0.04111451836158982,-0.10391537585520612,-0.05502286121336963,352
200,0.04390987613145802,-0.10880736856523576,0.09277782018900413,54
201,-0.059379952192899446,0.2116128992610655,-0.01730285107534516,345
202,-0.05785337661717535,0.27406589816736093,-0.026670747991177784,263
203,0.013929394336122709,-0.15568095669650958,0.012403094961200086,338
204,0.03927806769503497,0.21517234609207112,0.15910169284262668,197
205,0.033353452058525454,0.2052583854984285,0.11351014507225611,66
206,-0.08030857739419772,-0.1361076742001232,-0.18359241124890444,35
207,0.00835930145207119,-0.02456816715856946,0.1200114254193291,599
208,0.00929875863158958,-0.039240493963469805,0.1767299845892147,396
209,-0.04105804189055276,-0.05900431048432326,0.15717501888275673,364
210,-0.02131453024267475,0.11142659842983808,0.07405405395685498,239
211,-0.0904582490951371,-0.23616239920717472,-0.146474747388683,193
212,0.0166836788355505,0.013819963493867304,0.12211084516985735,191
213,0.004746719515866213,0.007398840131508333,0.07507476410797385,295
214,-0.01833106995297456,-0.04440454498929163,0.13949585193349912,77
215,-0.010571343167393714,0.04375341206311643,-0.011015923168464909,297
216,0.047942029051721964,0.19286911994220068,0.22646606537712813,38
217,-0.04765284010211556,-0.04224239681447946,-0.004271420608166045,196
218,0.013548197497803453,-0.021352410031153866,0.2010710009671783,332
219,0.014621603051477063,-0.00982727062996283,0.24304968150129794,304
220,-0.042792392045986394,-0.15152264157745404,-0.006526988537681342,601
221,0.04833219460993666,0.1924207599495111,0.2263590978696276,38
222,0.05579814862299476,0.1885509358697654,0.22088611174326298,625
223,0.05187492145367409,0.20265660837854904,0.2019810898072393,313
224,-0.014484275686177474,-0.15522477346405839,-0.04639261099412118,446
225,0.06258306427998812,0.08766594139569865,0.24883121139088415,506
226,0.03955500550177675,-0.014696966515566387,0.04885840539975918,173
227,-0.03154090821793597,-0.16279941523580072,0.02709023614779831,45
228,-0.015990686235264392,0.07188893906762694,0.030623005954087477,634
229,-0.022844888078266647,-0.09343986410321992,0.06802431889621437,620
230,-0.02066768539106289,-0.09507980800484783,0.03741281020176242,448
231,-0.059475154936394145,0.10701568446689376,-0.06392344645848821,398
232,-0.04908000601436485,0.0006757479643206002,0.06682631459919754,433
233,-0.09098110204234577,-0.04188352112341195,-0.07321936130199454,172
234,-0.05878832681637945,-0.21208515132434533,-0.020089728938135203,638
235,-0.05414114329654234,0.22778677919557447,-0.1796582301010653,536
236,0.11328539973917322,-0.007130220225812229,0.07017123516495,43
237,0.0269530521398618,-0.007373021345699017,0.07885457189995018,422
238,-0.04255907906622167,0.3535520755391415,-0.11018653324725282,372
239,-0.014497816459712131,0.20698493764336795,-0.06643838049373299,190
240,-0.00845365119562486,-0.095008811052137,0.00016705069916160933,645
241,0.0764692050906768,0.03250214574599828,-0.04798747364453904,102
242,-0.04491291108510263,0.16672559594550568,-0.16835139945343391,178
243,-0.07836735571798133,-0.13386548402390755,-0.03897938807620702,183
244,-0.06682663253488486,-0.21343399674006533,-0.01585425553104135,99
245,-0.019700314565212748,-0.09817818315619425,0.0598199659507034,359
246,-0.057998315672388466,0.21279838251706873,-0.09139891773030387,525
247,-0.050834659720055755,0.027307996104177015,-0.13418486762675025,42
248,-0.049645305827954976,0.027082726056113633,-0.13337788423540142,42
249,-0.05931677140053382,-0.01310859815975772,0.027881382052660168,323
250,-0.028556146583519793,-0.023763014892816056,0.006508035572510477,53
251,-0.05586094131171164,0.01305024143481714,0.00971651114090433,340
252,0.021009467336192276,-0.1133157954504719,-0.00222606949512863,462
253,0.018405397889650503,-0.1394856611255568,-0.04762461362895054,154
254,0.07372076121741898,0.1153441545434337,0.2736491253856371,9
255,-0.012664279832026839,-0.057453303932240796,0.1427360293201668,529
256,-0.0031015304400733496,0.005078862356097274,0.1191012813159303,131
257,-0.003560209811071966,-0.14065207720579798,0.11977432697265353,155
258,-0.07558660731184812,0.004408984179871486,-0.12527316381604908,521
259,-0.08160104546789819,-0.1480473701807234,-0.08301403408226239,294
260,-0.07575499917908246,-0.0037483422300999616,-0.09735659717574252,591
261,-0.07365675564719833,-0.0015344789639178845,-0.14734565930657464,146
262,-0.03760330700238596,-0.1635768815910472,-0.033965042113694756,585
263,-0.014453552050688328,-0.09885538692393367,0.13551418792396555,427
264,-0.032357650266089846,-0.031300178942450414,0.07316407690419982,233
265,-0.05363964101579158,0.31355766274663444,-0.09291852509929148,48
266,-0.057081562614397625,0.30067757206508794,-0.119883826245374,280
267,-0.05255866003486121,0.31814075078906784,-0.09456859338330155,48
268,0.0012073491935245741,0.1699213233438225,0.027017697761847613,305
269,0.6701644635951072,-0.0036643167394273266,-0.14052164227794559,106
270,0.6701644618069846,-0.003664321449107958,-0.1405216538897522,106
271,0.6701644631788116,-0.0036643129104064693,-0.14052165121946122,106
272,-0.093621745754091,-0.11315967896418105,-0.20991640267787004,225
273,-0.07784209133063409,-0.1336538455069037,-0.039006763804087345,183
274,0.022528385528351427,-0.07658603430527999,0.0011180650374517642,629
275,-0.007951056216913934,-0.009063470862810253,-0.02471638436304154,429
276,-0.0058792466145875305,0.032766081818402314,0.15608707212248465,483
277,-0.01562382658438474,-0.039203945426716506,0.07359831014928864,583
278,-0.04403801983916934,-0.10741841898977307,0.028285903632338395,438
279,-0.09636653674205091,0.20498491658362142,-0.14922788147282973,299
280,0.00482430078841807,0.03352176923380921,0.03489208172844422,558
281,-0.04791122294808291,-0.12032268843732255,-0.054139235585123485,132
282,-0.05257684058427503,-0.17688620347256065,-0.07819705867551992,642
283,-0.07371044106503667,0.1329924954027076,0.025991474458761557,262
284,-0.06159351575265815,-0.1265816157604151,-0.12297110823135443,378
285,-0.016381951322787358,0.19794821559443326,-0.0825472671759801,444
286,-0.013624434496280105,-0.062138302039540995,0.0034854172059957944,410
287,-0.04859568747578516,-0.17653183234905642,-0.020668397856008776,478
288,0.007977874022895305,-0.04372697012984943,-0.009459413393528739,242
289,0.01754171787289333,-0.01256455282303919,-0.0012459384290313858,147
290,0.03413502298083608,-0.004082342826522863,0.061428806272712425,362
291,-0.0032256743877684176,-0.13799938130513625,8.560148616271196e-05,431
292,-0.05600172048607899,-0.08896796026649477,0.003403790497213442,630
293,-0.050795463207081525,-0.1268241793723655,0.07236629275663922,329
294,-0.046369272136301806,-0.16454985586335294,-0.0015549127993914412,94
295,-0.04269404217793307,-0.0824009620413795,-0.05783284768002062,451
296,-0.026989786954916873,-0.10421138749108066,-0.06791279288771765,450
297,-0.008297901381502371,-0.08307456714454593,0.00858368201035522,385
298,-0.024174678809560694,0.07576374816653113,0.018306298991345272,566
299,0.028617370318941775,-0.02229373436340689,0.10793281511282592,80
300,-0.03607216729947108,0.06055633227735274,-0.023870689733326133,126
301,-0.012509657636058663,0.27413429513874626,-0.15973920368948333,104
302,-0.01250965763605859,0.2741342951387462,-0.1597392036894833,104
303,-0.01244667930903416,0.0856869194793649,0.11101539413546167,613
304,0.057582534356548205,0.1338900245568276,0.227352038016306,415
305,-0.03571447476853381,-0.1457424774433531,0.06221010823309893,249
306,-0.04100141177289074,-0.019083732902094724,-0.09374410643769028,18
307,-0.03941835287014069,-0.014227949467825159,-0.08308790308283592,593
308,-0.029586113470499716,-0.09203329530474788,0.050560847406959056,87
309,-0.03544670642379665,-0.14237060270464896,-0.13484354622534758,582
310,-0.07857917125800017,0.2647398291704912,-0.13518959746586326,608
311,-0.06685756945031843,0.18502729149323982,-0.02083778755453084,278
312,0.007970569579503515,0.09386333458872964,0.02883626046935401,301
313,0.019924277127339202,0.1209289635442924,0.004995288020411922,82
314,0.07767669894806488,0.05742343318272898,0.2025202650301727,180
315,-0.01673594551938166,0.0693323430421719,0.02160258350984643,152
316,-0.07837946883067289,0.17856232461895938,-0.11964048455362045,371
317,-0.06134458885220341,0.24039468501895864,-0.15245189104847207,626
318,-0.05404645948693222,0.032028524160856914,0.018686773702396426,135
319,0.11585212797895487,-0.007369334548671331,0.09105993491458528,389
320,0.0570919532525133,0.1291049836750602,0.21501461258488103,140
321,-0.06048624313822771,0.21318748543774596,-0.12964944252128832,248
322,-0.02950403759511073,-0.12005640621749723,0.05213034865044441,455
323,-0.037343944685697114,-0.16253108747018802,-0.02119312614570136,158
324,-0.0608626475566165,0.32503924789504357,-0.1555523657398202,78
325,0.8851485155718076,-0.06527392794677014,-0.2280168143481144,314
326,-0.09462594031256322,-0.10960433842474929,-0.17797365946324653,343
327,0.03674630041278012,-0.09265999822741293,0.15518759279683736,57
328,-0.0847876313455361,0.06472070390417066,-0.17655092977655037,213
329,-0.0289410934975359,-0.07002165972001274,0.04526619001950508,575
330,-0.033881182458605524,-0.14189026539454183,0.022960717048473616,597
331,-0.043871524575683406,-0.15453167061785758,0.004377205290061467,310
332,-0.03828428968303347,0.35260432879414555,-0.08903923785399716,119
333,0.041493583632307186,0.04729528654315221,0.0773935516966971,62
334,0.036666773812967395,0.1668038903925783,0.048089405991759954,376
335,0.041493583632307186,0.04729528654315221,0.0773935516966971,62
336,0.049037034803971064,0.07190024949221177,0.04573170329866946,189
337,0.018657945268921422,0.0441520655556017,0.039403862539710593,244
338,-0.04225458408637903,-0.1562268281479288,0.021024163624742617,546
339,0.6618743016207026,-0.028197657264728768,-0.16381051432504923,56
340,0.04430051759267186,-0.04012491205384833,0.09759219012693904,368
341,-0.06944954755709004,-0.1431791278146183,-0.11905538839211066,101
342,-0.0768171230662993,-0.1661678806162314,-0.16691290062169237,243
343,-0.07606433065157617,-0.11920270086278542,-0.01567157134072849,537
344,-0.048932318758717175,-0.0804606382757995,-0.02563445184452152,644
345,-0.024373453913875655,-0.07913207035827345,-0.03308501805931043,584
346,-0.022263275744042358,-0.07841904070480689,-0.033260939285324344,584
347,-0.04619215660397089,-0.1413120309450415,-0.006458433425667967,11
348,-0.03198045250818195,0.14944483737016329,-0.007027288133596605,144
349,-0.05137670212190081,-0.08498116661374641,-0.03241588985552467,113
350,-0.0450746733045375,-0.08462021567690145,-0.03405078816641542,113
351,-0.00484205115532628,-0.030793348076574342,0.06348537878878177,84
352,-0.04318609803613311,-0.06074712856025758,-0.03704231893028587,392
353,0.0646716954568002,0.006052327567246529,0.12050431651928815,150
354,-0.09063165067348504,-0.1635062562563145,-0.04897380735955141,130
355,-0.06389842776412503,0.15730864689432708,-0.07192417479163736,202
356,-0.06825901546298986,0.1456218739586591,-0.08002517558639782,504
357,-0.0345570620387417,0.047796192054024245,0.09830257309873222,538
358,0.07121278523447493,0.09093807368264634,0.12619069044640036,488
359,0.016949508867712425,0.012590540218455695,0.05968764848607275,13
360,0.03712404297407885,0.029437975475125017,0.09889573561433615,272
361,-0.09225079604651262,-0.058148071510785604,-0.14886372061089556,63
362,-0.08965733109750937,-0.06218724743404718,-0.13758652078131162,570
363,-0.026764417941880787,0.06721295759702599,-0.003178676669074946,256
364,0.021396636461280254,0.040002676167113504,0.11625024668746954,321
365,0.04999975391939406,0.17835814983409934,0.24153569327435298,360
366,-0.052564992413414745,-0.08006674166598275,0.013301273721937594,615
367,-0.06131860842140706,-0.05195726347958241,-0.030916410861158428,273
368,-0.0503463383374994,-0.08676395374663513,0.023945191070953373,624
369,-0.0323587583774641,0.14952024559668342,-0.006778207455587978,144
370,-0.04392001027330443,-0.05138420684595235,0.05668221874233965,479
371,-0.027573821079862483,0.03406623091797319,-0.05863489723692153,247
372,-0.02153659140078608,0.0007522877092232907,0.19056711828857403,171
373,-0.08425569166876933,-0.0925187944219626,-0.10765053070835011,569
374,-0.03240322216511184,-0.07551322130234908,-0.1414348449260626,91
375,-0.05408751536856154,-0.05623020629318852,-0.0052247607808697145,513
376,-0.0627480867245205,0.06310201454401217,-0.1124973371309556,235
377,-0.023220099849897525,-0.044675191030188646,0.12972106245371223,637
378,-0.06444006471187924,0.19836038041643134,-0.07860612082543189,149
379,-0.010390810594880536,-0.04688857997804662,0.17963587973648365,594
380,-0.030717151920863592,-0.05747533686941753,0.016955759249597413,277
381,-0.02173427133204305,-0.05383470191307128,0.0015663733309768605,562
382,-0.06583675441793836,-0.10250386084782499,-0.13573844657492062,603
383,-0.0674733444964513,-0.09578265966831935,-0.12684198598865856,15
384,-0.06789011681964062,-0.09566503987187512,-0.1266289264646642,15
385,-0.035527065845677046,-0.06784948231358688,-0.05105062859955942,265
386,-0.016638513422199082,-0.004895388093622163,0.0058900749595445535,255
387,0.5770537384941179,-0.02484886142141215,-0.13351308252260366,92
388,-0.041141342228716876,-0.07537115791135014,-0.09453688843879048,334
389,-0.05522160647180268,-0.08334378775231431,-0.1302315366393742,434
390,0.006344422335653992,0.09801808136554917,0.07814039246580995,497
391,0.019449450590923314,0.10343421632804245,0.05526084475069118,315
392,0.030683010139619243,0.10309871413071892,0.028095423455730958,217
393,-0.05911567724666842,-0.11763176196655065,-0.10270502923371998,276
394,0.01091774814305685,0.1273289517805723,-0.017846648797467366,325
395,-0.04335589306510066,-0.15950918417923085,-0.017143153697394376,561
396,-0.06356523450981677,0.058591596615382636,0.04354469995835599,245
397,-0.0033924779600058353,0.014194380665741307,0.06949836001589564,598
398,-0.020239436380203424,-0.03373410935866375,-0.009313185130546905,509
399,-0.07566307456639346,-0.09593671987166265,-0.12621162443130501,15
400,0.009082236530910774,-0.1232176694908742,0.06485644929013679,568
401,-0.02158791643069832,-0.11241383168522141,0.1168917632619213,602
402,0.09952967990321045,0.08966254682268286,0.2410544611039754,86
403,0.01699095284519991,0.07464016235459418,0.08393600331908853,486
404,-0.05810558312646861,-0.07342557012030132,-0.03476447658457387,459
405,-0.07648159811555337,-0.1613707830335034,-0.13745244892908892,319
406,-0.06601548773408429,-0.18382607616132884,-0.07190222061928471,111
407,0.06929294559058004,0.016094465821927948,0.08648255586091834,458
408,-0.03228242262003348,-0.002470012538651997,-0.15939784077203056,205
409,-0.0726537282586174,0.12860023550576224,-0.13792996768764088,216
410,-0.06802202412609211,0.12587996649920416,-0.12806826922623477,596
411,0.023235401349751564,0.07983537723287713,0.16602721488997527,498
412,-0.0571085244381996,0.2349134800933006,-0.1669279941828075,59
413,-0.049138384114018434,0.28375506358229347,-0.06988329629047853,628
414,-0.05149633465131291,0.2768018899488203,-0.06443400097667311,449
415,-0.03823124949413394,0.023871080014482945,-0.020717507002691003,30
416,-0.047267676630767974,0.019247987740210654,-0.08972154955827694,127
417,-0.04916793434072602,0.024658877125084442,-0.07804585002361251,578
418,0.8622828600639746,-0.06965076789397491,-0.22596449620647946,186
419,-0.04498868421347696,0.10258898842051555,-0.2489276555841134,93
420,-0.09597568069299414,0.21112764049477378,-0.25891731957597364,260
421,-0.01724308617762335,-0.022189270991908514,-0.013486255194688995,632
422,-0.01588754009852007,-0.02601637921061933,-0.021374208334799277,179
423,-0.0623172131096857,-0.06094919437141946,-0.05870922045203635,551
424,-0.03208791927210285,-0.03667405302499079,0.05264399087934286,107
425,-0.09590584420528514,-0.051282230112852406,-0.12152853303373247,547
426,-0.06061895407657398,0.3013086959497101,-0.07277592730168314,284
427,-0.02972060009771823,0.03986867301685346,0.09037324928368522,100
428,-0.0285787269009019,0.09531005352707181,0.02439786345938182,115
429,-0.042442298740008884,0.2702102500539676,-0.06851539989960431,134
430,-0.037263541486863366,0.2756332596620363,-0.08507611970913945,424
431,0.0002648139150462685,-0.03555787678394232,0.13645402701936343,379
432,-0.04745856256128771,-0.10043241874360896,-0.10042922655801541,409
433,0.05087320827763944,0.08341469637170455,0.1297232513281864,228
434,-0.06179191904502224,0.2960835079809899,-0.15322215898646033,330
435,-0.05273905944508793,-0.16759606422330672,0.0017821355682498521,94
436,-0.025651982137154136,-0.022893791761883216,-0.07464486242063918,523
437,-0.07976110672803655,-0.07183689297615041,-0.09770993431846939,460
438,-0.029473433356407466,0.31508935433179075,-0.007271104904550272,234
439,-0.021320846922741825,0.08498912823080086,0.03853132087529222,411
440,-0.033146967829176,0.31365440411091033,-0.015810192775290652,619
441,-0.006459179547976415,0.27973050553656126,0.01994537920476977,209
442,-0.05398801850737605,-0.16625979950522327,-0.19510993742996297,556
443,-0.05912783249211115,-0.17345735300237788,-0.20431419733178868,85
444,-0.00896511483086404,-0.10986283888225146,0.012088949226653302,377
445,0.0006898364500709577,-0.095888992344695,0.03127691153276921,581
446,-0.00896511483086404,-0.10986283888225146,0.012088949226653302,377
447,0.0008662509038797736,-0.09554394148012395,0.03132626765993971,581
448,0.05488524057338312,-0.0437146188407481,0.14073276279566563,412
449,-0.033049912888392936,0.07871575981424016,-0.00926653611674369,532
450,0.05019931848645543,-0.02685764700350305,0.12960893872224233,139
451,-0.016734164906691863,0.0847004580480976,0.10120434204557877,50
452,0.022086874345060348,-0.031510261295697575,0.11202753954271744,606
453,0.015809762301683523,-0.033883820851465504,0.06903617262409942,383
454,-0.04123190616290233,-0.017618928485189256,-0.02332414953964942,494
455,-0.042349776164664184,-0.09065975270563659,0.029303470693582943,400
456,-0.028390460295994714,0.03304338098621516,0.053245471725103084,515
457,0.017797457618587836,-0.09788112589901053,0.0009587951330144923,341
458,0.07417233431037024,0.11419352542930472,0.2892982232892171,501
459,-0.0251183909011423,-0.12998348406945578,0.02066081797433259,499
460,-0.02726377837921389,-0.13778689678058254,-0.012708103774926519,382
461,-0.06049115796449337,-0.13083948910787074,-0.009931770182605253,312
462,-0.018304294135949317,-0.13573958775628245,0.07795161861399032,97
463,-0.006215109437783812,0.032783978366761966,0.042055671483875436,145
464,-0.08270712808979673,-0.10789809860881502,-0.1303561313562759,337
465,-0.006667634858354937,-0.1142589179495773,0.11771040352442971,533
466,-0.01927209742661082,-0.08868528693131919,-0.08359265348203336,508
467,-0.028180191626973956,-0.09649050821014668,-0.1342907766868986,365
468,-0.06041702597524168,-0.08832041467672279,-0.01313593361086976,279
469,-0.024488991666158966,0.024780325404232455,0.0742287233574807,470
470,-0.054716212881874254,-0.034447807686414436,-0.029352734290530244,421
471,0.09267189310069263,0.021675903333825613,0.1621084349974578,610
472,0.08957313315367518,0.021376393903296792,0.15251393609315672,348
473,-0.03257948888374332,-0.028323667917036468,0.0698403605461455,233
474,-0.025734602817654186,-0.05844411889288706,-0.03636733336809035,468
475,0.01201825050978475,-0.06991454951397062,0.13450580683739796,188
476,-0.03975048762099114,0.02484717390369354,-0.04466626998791162,430
477,0.052966467633096204,0.15854591836702422,0.2819688772304902,286
478,-0.05742672445937838,-0.11748671108340807,0.05088011110439136,496
479,0.02548014448145789,0.15040329044315756,0.05509102812211171,182
480,-0.05275967433168355,-0.026421129416923015,0.12250646332006986,236
481,-0.019132707917211195,0.07063240887288628,0.024587026904429703,152
482,0.004872221568917428,-0.02155618416361335,0.2091386091872031,571
483,0.0029740491467119892,-0.020973337387213922,0.22227635813955535,214
484,0.004476731083720421,-0.025674565598437366,0.2251357337575572,214
485,0.03224225981157723,0.014537639916962735,0.2445924953395836,44
486,-0.031126985532958874,-0.12810274787558157,-0.06494502611918593,72
487,-0.0011135769200904852,0.041703116467333934,-0.047082080714623886,535
488,-0.04852819496452595,-0.15004609077177417,0.010871752340923423,618
489,0.03778019059020871,-0.02261859031039135,0.09535834828249197,545
490,0.017149368775296568,-0.13126692270341137,-0.001620271757201723,49
491,-0.01780902175106072,-0.11225199007675953,0.09830217551830137,328
492,-0.03104507799039733,0.09802978615051378,0.025898756772884345,115
493,-0.06550518669323104,-0.10185551928826798,-0.053432969134650135,224
494,-0.034794944980130305,-0.0759349089361654,0.0989405132165165,257
495,-0.06440556175127181,-0.10190330407619166,-0.007324757290399776,176
496,-0.06295197024766105,-0.12732746098742326,-0.08331735310457346,23
497,-0.003173348711735315,-0.0757722047371443,0.11472286461182413,386
498,-0.05776236012969053,-0.05584158375389049,-0.04735713135925056,4
499,-0.013317954331325106,0.17699898589046142,-0.026304896974329795,200
500,-0.009018906597359886,0.17453243033375263,-0.031049544647313423,200
501,-0.018834199272844163,0.18595926180489336,-0.04400472412206658,404
502,-0.07624455408079868,-0.10429369954039244,-0.1388349928801034,572
503,-0.02194798829847106,-0.12965769773036828,0.06693845336041347,539
504,-0.043758085096632746,-0.018949465165362854,-0.05035387383642266,324
505,-0.06826153645202274,0.017710020088645886,-0.09109865877208129,387
506,0.002967721804555554,0.17414468168902986,0.05775390424290906,17
507,0.6466602628149913,0.04997112653323144,-0.1590026207438611,10
508,0.7214232473666565,-0.004021615684244592,-0.15594707239061148,117
509,0.7214232473666565,-0.004021615684244592,-0.15594707239061148,117
510,-0.09004647767616898,-0.16325770210230386,-0.04899832318291098,130
511,-0.01919393884320958,0.0753801156874603,0.01595542330127619,566
512,-0.06447748704967098,-0.0025199882387505054,-0.016227038229218258,317
513,-0.054090428626966953,-0.09574697739100978,0.00951099600943978,351
514,-0.07170606912071918,-0.10439509514300258,-0.07932185316533348,456
515,-0.01708739351602618,-0.1281379939532193,0.037442288602442655,633
516,-0.03544944255366976,-0.07448836723233344,-0.002384501485332589,557
517,0.010772226476653728,-0.07614271255932802,0.044217322843465696,482
518,-0.006640141644994851,0.03905797126332844,-0.0634449318107686,544
519,-0.04998882849006449,-0.022070417699649406,-0.03557865385969224,639
520,-0.03828428968303347,0.35260432879414555,-0.08903923785399716,119
521,-0.09961047073264655,-0.20177691053210026,-0.1418166680174347,246
522,0.005579127563359844,-0.08025482492660428,0.09576080083416393,261
523,-0.06893892652167004,-0.07330133810430041,-0.008962412962039099,473
524,-0.06035331368704457,-0.06706717215890294,0.010274910612168193,423
525,-0.09872213009224008,-0.06498835820145063,-0.11475181882971072,464
526,-0.062312936526970134,-0.06843456999245323,-0.09001880898662645,95
527,-0.09363726920789266,-0.08478899927127952,-0.111905582841707,128
528,-0.0945583513913265,-0.050520316857312925,-0.10917101493027742,170
529,-0.06653654488569322,-0.1479374007176581,0.006803355031646385,358
530,0.014346293138496377,-0.10557104859954565,0.04819335193142916,342
531,-0.014033197427016959,-0.08006547474156502,-0.046424852027257116,475
532,-0.08070580844780767,0.2545993927164665,-0.1361124093024841,355
533,-0.07669865618882364,-0.2181334080847696,-0.21541417900101034,522
534,-0.04888778930594245,-0.20298243359807294,-0.11502445732482536,326
535,-0.0706229583330594,-0.21676755200753606,-0.22888286869662702,141
536,-0.02938719545956057,-0.08750216844303002,-0.07042849349830645,617
537,-0.013109805019572107,-0.09143763828796284,0.08700012977812663,116
538,0.08004119150634773,0.10096252388246289,0.22753595500377755,177
539,0.08934942406562829,0.10947676895544016,0.21755318893602232,500
540,-0.0482857064591479,0.15720110991764524,0.036119874943914894,96
541,-0.04552863622355923,0.15257010990257136,0.0328607900210596,643
542,-0.04916616938139258,0.15136512421575465,0.02985703304519026,643
543,-0.040695889882641216,0.15407030175456563,0.031118798203592875,505
544,-0.0454509519504711,0.15770271708499606,0.03707412772663788,96
545,-0.0400151795404617,0.1482290723328834,0.032377466398845076,505
546,-0.01043318190688728,-0.11457250246734202,0.14539916512299883,413
547,-0.07670661721254139,0.1299006200510164,-0.18799101429398155,250
548,-0.0500281832503454,-0.1796777758255963,-0.07022410227982535,316
549,-0.0034121026803078775,-0.15025074807425065,0.02332752453896454,229
550,-0.05033992076141459,-0.128098184133933,-0.05927445441107967,621
551,-0.04182252014073961,-0.14931650312858852,-0.03183284704581709,549
552,-0.04966989337729385,-0.15607182336239644,-0.05835196500207537,487
553,-0.0849714388310114,-0.10461598348392204,-0.036784858898701055,46
554,0.009095233140319571,0.0757900720242629,0.1723433227235579,168
555,0.8082909603065305,0.018193615958174886,-0.10439638730927257,167
556,-0.02318988315149144,-0.07309745698895119,0.006696019387158439,40
557,0.013410161026554684,-0.054810584370532094,0.08191255557602015,157
558,0.048886888433582826,-0.12070746675185212,0.06524644918151046,266
559,-0.06668954846061073,-0.12418866239761402,-0.14999864326702886,541
560,-0.06459659046294665,-0.12139811670519014,-0.13820784274072476,185
561,0.019995680183923833,-0.04105658469081271,0.1329721622435332,510
562,-0.0357935086377619,-0.14611272181070653,0.05126838204041645,611
563,-0.007677833003462056,-0.14256218757735506,0.1097558834143083,559
564,-0.0445969515365412,-0.11926070477276385,0.047391380681992806,120
565,-0.0037506315028994174,0.05850275296612124,0.18222160993142775,388
566,-0.005719315314430311,-0.04291881081625847,0.08747376300747936,590
567,-0.03657274322303501,-0.13979822023129027,-0.007883023680487515,612
568,-0.07539702282222223,-0.02427441157278101,-0.03133282268991317,221
569,0.0488043575838478,0.09019547725697787,0.11794931205110365,512
570,0.0478871376441044,0.12413780872518951,0.16628854840263227,148
571,0.01610066983416599,-0.07537356555163273,0.007963731361279917,118
572,0.0715106703202824,0.09691466879256935,0.1844593894741284,192
573,-0.04020846887967429,-0.18435076429130753,-0.05172096969689909,437
574,0.02140831838520487,0.1208623406453246,0.18772812291380014,25
575,0.02140831838520487,0.12086234064532461,0.18772812291380017,25
576,0.057169010184540126,0.04841051484079615,0.051439491064413444,320
577,-0.06222814258524902,-0.16870629189552774,-0.018051702918054805,267
578,0.024853690225969335,-0.10215202497240598,0.11390908328362058,283
579,0.01334358186709194,-0.0505287806655165,0.08162018949313478,157
580,0.0445945477922404,0.023732206026171224,0.13544842113142472,336
581,-0.06255316190120695,-0.13065327667670443,-0.03693570912245991,481
582,-0.02460509911765495,0.01776811645495362,0.008292900400327876,210
583,-0.031115136167983854,-0.057604809464669705,0.017025890702926122,277
584,0.017442036837453524,0.09409602949830119,0.2220465385615583,416
585,0.051872378775302784,-0.021634722771932638,0.017037864157403493,223
586,-0.044567137579561225,0.23727751611175837,-0.06863143983398788,419
587,-0.016278538856734494,0.24256043680677497,-0.019653041903651483,41
588,0.8967959484578495,-0.08532921516683184,-0.23989751894946376,65
589,-0.07547348227531483,-0.10481634806768952,-0.06069312827654901,445
590,-0.03979306727377185,0.0034677899975135034,0.023428647698682387,254
591,-0.06858136012178997,-0.054165517553045654,-0.07464507291662521,354
592,-0.00119776481328886,-0.08396438196907473,0.05015830234265336,251
593,-0.0026109441978445723,-0.03776459647018119,0.1761781421322615,8
594,0.05817815683067986,0.1339439698626527,0.22690015584115628,415
595,-0.06596293835061875,0.10030490109012972,-0.005700078286441037,0
596,0.04517196573762524,-0.12723540135821637,0.00842048786680485,219
597,0.016160025178466438,-0.12295674420088029,0.07666705475172922,394
598,-0.018789303523745953,-0.0858369595560187,-0.032991879405752184,31
599,-0.0996954738992284,-0.11508428860269519,-0.1550626774266485,121
600,-0.09196480413876756,-0.10018249124900774,-0.09040014333176064,425
601,-0.013526350943701798,-0.10580385044727161,0.11972601675818283,20
602,-0.10424813302518061,0.10770705343792746,-0.1638117796627744,542
603,-0.0998398329028097,0.10364763146759746,-0.1751670228480268,29
604,-0.08559462839367132,0.1354416968108065,-0.07580279272393617,370
605,-0.009151381999526349,0.008049625557070877,0.04783742863503285,520
606,0.02476490756532191,0.17385799420474154,0.11245314454956049,586
607,0.6343133959985152,0.016290810134132354,-0.14536251474169254,162
608,-0.058158892407903645,0.2099652414394599,-0.06455100061383358,516
609,-0.06647988612808371,-0.047757464077596457,-0.10593742902368904,271
610,0.04628526213643494,0.12419250488959939,0.16745374702415253,148
611,-0.0918087421337147,-0.06839131444912257,-0.15454565443428253,609
612,-0.0414024680106402,-0.012210010868278177,0.09357726172657445,322
613,-0.00786809620053772,0.03738111500612541,0.16590076735027515,68
614,-0.08293320365184588,-0.08614771382333454,-0.1608178427666053,252
615,-0.05331288732094479,0.30025703545316373,-0.04568815314508307,24
616,-0.06051793861469315,0.19047172263833673,-0.08538559124699191,442
617,0.013591021868915452,-0.03893943699929224,0.18608522247218282,577
618,0.7633743981414679,-0.0018296560578124435,-0.13244879622627342,2
619,-0.04181209463498277,-0.1155588995974649,0.051611241626430195,543
620,0.1220598040441922,-0.02787249289154046,0.09153273123428117,258
621,-0.07526887703162734,0.12395728292796633,-0.11017885120256125,55
622,-0.04075576351685738,0.180426542169942,-0.02289340692593026,73
623,-0.0631176637631114,0.24401177621950684,-0.034333981397769324,375
624,0.004086761041640006,0.236160685372993,0.08973294394501227,112
625,-0.0360712027831089,-0.14271100694701375,-0.05522572819977153,293
626,-0.06862755373734063,0.12433095437957446,-0.06483029531741656,109
627,0.005911234223818218,-0.04546936142810432,0.17979211523949123,396
628,0.0017638048746131446,-0.04506448160025317,0.2001949793447858,83
629,0.00406478226731574,-0.04274671283872246,0.20652013962549334,83
630,-0.05226483983722222,0.16791146213057634,-0.041916756326962915,308
631,-0.03323125213225976,0.06234869525356818,0.03738095348525072,39
632,-0.050101599226447566,-0.15799441283641483,-0.07822314253188026,184
633,-0.050101599226447566,-0.15799441283641483,-0.07822314253188026,184
634,-0.060143385542399626,-0.09955171661320777,-0.02262331476137047,503
635,-0.005345338185662929,-0.08884285459815403,0.018369586377327732,589
636,-0.01817242087743181,-0.07603750333593572,-0.017594430112890122,440
637,-0.08749426986750475,-0.036311722296617104,-0.05416692939199261,414
638,-0.049993544301985875,-0.11113515202991556,-0.026219083591535543,391
639,0.04385682880994881,0.12315046487376587,0.2553067213832329,374
640,0.031406621353613044,0.12861668959932623,0.2775476271619801,441
641,0.06817867857875444,-0.005893937218931809,0.12929973597943398,474
642,0.009088335343612872,0.03822801553986585,0.1379659225317461,230
643,0.07478591608193079,0.1005232597896152,0.1865042379764607,192
644,-0.006036483365184616,0.02505219531094712,0.01300577955425938,339
645,-0.07557123403724576,-0.20381337222826254,-0.12219074501326731,7
646,0.02608538740455458,-0.06374373288088178,0.20708068308143376,187
647,-0.0011608990753607632,-0.032878422496681936,0.19018998796844888,502
648,-0.056244497631940636,-0.12152750895893205,0.04030089307541385,588
649,0.02640237110713052,0.17191114808973582,0.12249410254791064,161
650,-0.024612232541625586,0.23012187033178555,0.002724168897057774,222
651,-0.029984297741864886,0.13988536028267748,0.04601200224654838,390
652,0.0017104218019910573,-0.04179866379120664,0.2009260467063893,83
653,0.014569424649437595,-0.031104373984966023,0.16118482127124328,298
654,0.04568301430379927,0.11261111934421363,0.2063152153824442,384
655,0.020035415463610717,0.0727322429667157,0.12673598872233852,3
656,-0.08613377387790554,-0.12598205347171462,-0.018730251288416568,253
657,-0.07702951018267734,-0.10826765821969703,-0.09561337511463532,232
658,0.037538286232892557,-0.04926345815707292,0.06987788309691911,129
659,0.03622929243585707,-0.04630002253938294,0.05837382662462844,574
660,-0.004639876311722973,-0.10047840067038162,0.0354693448529212,1
661,-0.049745850086583464,-0.07146117504259471,0.017315436931132532,580
662,-0.07285445431718261,-0.10273839659447528,-0.04427700919126381,576
663,-0.030368181683724998,-0.03165186714946174,-0.06433627795980568,142
664,-0.031988505618157456,-0.031673118034115,-0.06407216649469924,142
665,-0.05077359573656124,-0.12063623743588205,-0.05361599792522138,132
666,-0.04926687330730284,-0.1803621708485154,-0.002919981977818769,461
667,-0.03752506746338084,0.18305248681468403,-0.058491990674250614,12
668,-0.050543166186611976,0.20816700825302986,-0.03740243605533137,443
669,-0.044176321213830014,0.18787685285326747,-0.056583201049756525,12
670,-0.03563911553065402,-0.11690847707806222,0.010266122641702456,453
671,-0.013695156160996027,-0.09703366335569774,0.006329460528856861,204
672,-0.02824167461076561,-0.07501967241104238,0.003070607077337123,640
673,-0.02824167461076561,-0.07501967241104238,0.003070607077337123,640
674,-0.019773809385142425,-0.007495655200117071,0.08213824264538909,353
675,-0.08273889172098368,-0.2010870361868014,-0.0831239665645702,203
676,-0.043446724386193736,-0.07345336292550683,-0.1353946352062209,380
677,0.03224225981157723,0.014537639916962735,0.2445924953395836,44
678,-0.025669483785771784,-0.13421597852531464,0.0824194909630395,635
679,-0.02259819013893045,-0.02767763478361606,0.08492887895708306,554
680,0.008220049106281711,0.14453140218455293,0.004685626754688371,335
681,0.0032090215969480277,-0.008885676506136963,0.14036931788847443,290
682,0.05453015015836937,-0.004398419274141299,0.1388325318297593,220
683,-0.006153606722864777,0.032854441146491484,0.15658823227492621,483
684,-0.002722423485783109,-0.10222406164074752,0.15640627191146161,163
685,0.5678127873284039,0.044532412375798504,-0.197648152570856,37
686,-0.05342648831178679,-0.1491088415816634,-0.08907753568184851,565
687,-0.10768201300132328,-0.20268936812866292,-0.25788621824435415,27
688,-0.03755840210467418,-0.2016492909029273,-0.07686662346529086,560
689,-0.03087843796442552,-0.06125956277315357,0.05302336858267806,274
690,-0.03968629575394308,-0.201082388192093,-0.06567093808465439,206
691,-0.05048705378665077,0.11404998450115852,0.0006625528811129138,395
692,0.02507142945004381,0.025248977817835912,0.22734460173781107,367
693,0.07673379793016011,-0.08209441820979829,0.35065263993375356,26
694,-0.0829261393456398,-0.12929971125021097,-0.14100452287539308,548
695,-0.08668105811998311,0.2812185189564654,-0.0895051118191947,238
696,0.02125950252865165,0.015355778949224196,0.12579765465150083,191
697,0.020667731976366073,0.015421062165480174,0.1260486345743416,191
698,0.02942622586135537,0.009793961489117134,0.10714852863850848,469
699,-0.0645142661774453,-0.045382680222263876,0.024728252379595313,22
700,0.08316181068736091,-0.08685640725527548,0.16065084983764652,103
701,0.09314913961526623,0.07480045963066215,0.14696025959965967,76
702,0.10334593089145441,0.06090290926850343,0.18917358911442478,282
703,0.07028900350158206,0.03451082177185495,0.1608154089167584,61
704,0.11054389420382454,-0.004235827008636828,0.1105679105133646,194
705,-0.0012992928276261456,-0.12827458080055718,0.04866390606428634,595
706,-0.0016624759397779667,0.10891567621469044,-0.12276849617677364,98
707,0.10008275002397746,0.08999311234117163,0.1982762123407919,19
708,-0.09886457658665367,-0.11835904591610058,-0.13473209670996303,492
709,0.0658257592045149,0.1346112395035524,0.26105134117966955,300
710,-0.027622932941105776,0.03149381932488203,0.10115830137009627,563
711,0.11806258807906053,0.11063677658362163,0.1392545764266116,164
712,-0.002632188772635757,0.08233743960051693,0.011656617704946245,399
713,-0.018971691779984586,-0.1402710798587146,0.0043530984012639705,357
714,0.08520103745611303,0.015258572191122845,0.0799817489481338,159
715,-0.006626977447072491,0.07833078949309773,0.09583352505501842,534
716,-0.01094974727126232,0.016929845618655827,0.07737760396224481,169
717,-0.023559160335043718,0.042811829691759576,0.01791097911347124,307
718,-0.05675262100995098,-0.1459444106146909,0.054892892002327096,28
719,-0.059080926428880534,-0.14634665671555128,0.03199868020614623,369
720,-0.05491202062338996,-0.13944071097359834,-0.002635778217483214,627
721,-0.03600578818305558,-0.14264375401221016,-0.05531068865680455,293
722,-0.06601912041323961,0.0026086759755268893,-0.056908871431919424,397
723,-0.06953546206304081,-0.05250336437171974,-0.12648428373640574,201
724,0.9383399901610634,-0.07391491996005813,-0.21771072756930168,259
725,0.10129722894736456,0.0949895862693233,0.23478766425194603,86
726,0.01686987139601456,0.04138134482029594,0.03068335243817027,641
727,0.044534359777368145,0.15124551850924153,0.14783678403998032,270
728,0.08466097548611415,-0.08486512537238075,0.15429949251920214,103
729,-0.07142328908712328,-0.17602239246914206,0.02446531408343469,195
730,-0.06257734529664007,-0.05306097606428368,-0.030776859742999728,273
731,-0.08371170015782686,0.1821161999313834,-0.14286061887833587,52
732,0.0019747458164594816,-0.0658577532079223,0.18706847911005098,344
733,0.520611652134847,0.10732367762516631,-0.1676313199792481,47
734,-0.023791184676569935,0.23316112804627034,0.0056260091670319225,222
735,-0.04568452322350003,-0.07791845006489767,0.00418150131886633,153
736,0.03466138446008244,0.10892570463189555,0.18228049281466932,471
737,0.00720611963926657,0.01833029932671299,0.08446437174399062,527
738,0.02662589471584164,0.05806140712132228,0.09464849851880357,133
739,0.94613478316421,-0.09567461470057223,-0.23120761501741843,14
740,0.5122746415455456,0.11197768636263424,-0.16774182980499364,616
741,-0.010558330470519645,0.27481446295248685,0.005491774617113825,485
742,-0.011199809013153931,0.2795401669184467,-0.03876892916135648,553
743,0.057826150201868536,0.0019789276272759266,0.1418131404978833,220
744,0.04957099645968713,-0.0008089081123325801,0.11696003210339995,477
745,0.019859668520130287,-0.0010263108069654195,0.04345098485824673,356
746,-0.08733600281006505,-0.1271449688276266,-0.1296164539783077,264
747,-0.006708306329621516,0.006915740692292399,0.10212275768563517,466
748,-0.00418237143458304,-0.009780523251325208,0.09005373660321296,32
749,-0.02654585555147161,-0.03570836848755717,-0.06823682964207642,142
750,-0.06550676705540567,-0.03401803956417719,0.002245610833813338,393
751,-0.05610376177973422,0.01870612793420162,-0.04289951321039217,207
752,-0.04224165257918627,0.048475555156525685,0.01580216053715766,489
753,-0.0004507772822396783,0.006893271237924943,0.13001726905782654,600
754,-0.022184623005796218,-0.1395965487014695,-0.03806508451727263,143
755,-0.029863598947417264,-0.08574222927953087,-0.004630296644829267,493
